{
  "type": "minecraft:crafting_shaped",
  "pattern": [
    "SGS",
    "GBG",
    "GHG"
  ],
  "key": {
    "G": "minecraft:tinted_glass",
    "S": "minecraft:nether_star",
    "B": "minecraft:conduit",
    "H": "minecraft:turtle_helmet"
  },
  "result": {
    "id": "minecraft:debug_stick",
    "components": {
      "minecraft:custom_model_data": {
        "strings": [
          "astronaut_helmet"
        ]
      },
      "minecraft:lore": [
        {
          "text": "Deactivated",
          "color": "gray",
          "italic": false
        }
      ],
      "minecraft:custom_name": {
        "text": "Astronaut Helmet",
        "italic": false
      },
      "minecraft:rarity": "common",
      "minecraft:equippable": {
        "slot": "head"
      },
      "minecraft:enchantment_glint_override": false
    }
  }
}