{
  "type": "minecraft:crafting_shapeless",
  "ingredients": [
    "minecraft:nether_star",
    "minecraft:breeze_rod",
    "minecraft:blaze_rod",
    "minecraft:leather_boots",
    "minecraft:chainmail_boots",
    "minecraft:iron_boots",
    "minecraft:golden_boots",
    "minecraft:diamond_boots",
    "minecraft:netherite_boots"
  ],
  "result": {
    "id": "minecraft:debug_stick",
    "components": {
      "minecraft:equippable": {
        "slot": "feet",
        "asset_id": "magchar:nes"
      },
      "minecraft:custom_model_data": {
        "strings": [
          "charraspark_boots"
        ]
      },
      "minecraft:rarity": "common",
      "minecraft:custom_name": {
        "text": "Charraspark Boots",
        "italic": false
      },
      "minecraft:enchantment_glint_override": false,
      "minecraft:lore": [
        {
          "text": "Deactivated",
          "color": "gray",
          "italic": false
        }
      ]
    }
  }
}