{
  "type": "minecraft:block",
  "pools": [
    {
      "bonus_rolls": 0,
      "entries": [
        {
          "type": "minecraft:item",
          "functions": [
            {
              "add": false,
              "conditions": [
                {
                  "block": "minecraft:cobbled_deepslate_slab",
                  "condition": "minecraft:block_state_property",
                  "properties": {
                    "type": "double"
                  }
                }
              ],
              "count": 2,
              "function": "minecraft:set_count"
            },
            {
              "function": "minecraft:explosion_decay"
            }
          ],
          "name": "minecraft:cobbled_deepslate_slab"
        }
      ],
      "rolls": 1,
      "conditions": [
        {
          "condition": "minecraft:inverted",
          "term": {
            "condition": "minecraft:block_state_property",
            "block": "minecraft:cobbled_deepslate_slab",
            "properties": {
              "type": "double",
              "waterlogged": "true"
            }
          }
        }
      ]
    },
    {
      "bonus_rolls": 0,
      "entries": [
        {
          "type": "minecraft:alternatives",
          "children": [
            {
              "type": "minecraft:item",
              "conditions": [
                {
                  "condition": "minecraft:match_tool",
                  "predicate": {
                    "predicates": {
                      "minecraft:enchantments": [
                        {
                          "enchantments": "minecraft:silk_touch",
                          "levels": {
                            "min": 1
                          }
                        }
                      ]
                    }
                  }
                }
              ],
              "functions": [
                {
                  "function": "minecraft:set_components",
                  "components": {
                    "minecraft:custom_model_data": {
                      "strings": [
                        "jupiter_emerald_ore"
                      ],
                      "colors": []
                    },
                    "minecraft:custom_name": {
                      "text": "Ruby Ore",
                      "italic": false
                    },
                    "minecraft:entity_data": {
                      "id": "minecraft:armor_stand",
                      "NoGravity": true,
                      "Invulnerable": true,
                      "Silent": true,
                      "Tags": [
                        "jupiter_emerald_ore_place"
                      ],
                      "Invisible": true
                    }
                  }
                },
                {
                  "function": "minecraft:explosion_decay",
                  "conditions": []
                }
              ],
              "name": "minecraft:bat_spawn_egg"
            },
            {
              "type": "minecraft:item",
              "functions": [
                {
                  "function": "set_count",
                  "count": {
                    "type": "uniform",
                    "min": 6,
                    "max": 12
                  }
                },
                {
                  "enchantment": "minecraft:fortune",
                  "formula": "minecraft:ore_drops",
                  "function": "minecraft:apply_bonus"
                },
                {
                  "function": "minecraft:explosion_decay"
                }
              ],
              "name": "minecraft:emerald"
            }
          ]
        }
      ],
      "rolls": 1,
      "conditions": [
        {
          "condition": "minecraft:block_state_property",
          "block": "minecraft:cobbled_deepslate_slab",
          "properties": {
            "type": "double",
            "waterlogged": "true"
          }
        }
      ]
    },
    {
      "rolls": 1,
      "bonus_rolls": 0,
      "entries": [
        {
          "type": "minecraft:item",
          "name": "minecraft:jigsaw",
          "functions": [
            {
              "function": "minecraft:set_components",
              "components": {
                "minecraft:custom_model_data": {
                  "strings": [
                    "clear_water"
                  ]
                }
              }
            }
          ]
        }
      ],
      "conditions": [
        {
          "condition": "minecraft:block_state_property",
          "block": "minecraft:cobbled_deepslate_slab",
          "properties": {
            "type": "double",
            "waterlogged": "true"
          }
        }
      ]
    }
  ],
  "random_sequence": "minecraft:blocks/cobbled_deepslate_slab"
}