{
  "type": "minecraft:block",
  "pools": [
    {
      "bonus_rolls": 0,
      "entries": [
        {
          "type": "minecraft:item",
          "functions": [
            {
              "add": false,
              "conditions": [
                {
                  "block": "minecraft:diorite_slab",
                  "condition": "minecraft:block_state_property",
                  "properties": {
                    "type": "double"
                  }
                }
              ],
              "count": 2,
              "function": "minecraft:set_count"
            },
            {
              "function": "minecraft:explosion_decay"
            }
          ],
          "name": "minecraft:diorite_slab"
        }
      ],
      "rolls": 1,
      "conditions": [
        {
          "condition": "minecraft:inverted",
          "term": {
            "condition": "minecraft:block_state_property",
            "block": "minecraft:diorite_slab",
            "properties": {
              "type": "double",
              "waterlogged": "true"
            }
          }
        }
      ]
    },
    {
      "bonus_rolls": 0,
      "entries": [
        {
          "type": "minecraft:item",
          "functions": [
            {
              "function": "minecraft:set_components",
              "components": {
                "minecraft:custom_model_data": {
                  "strings": [
                    "jupiter_dirt"
                  ],
                  "colors": []
                },
                "minecraft:custom_name": {
                  "text": "Dense Cloud",
                  "italic": false
                },
                "minecraft:entity_data": {
                  "id": "minecraft:armor_stand",
                  "NoGravity": true,
                  "Invulnerable": true,
                  "Silent": true,
                  "Tags": [
                    "jupiter_dirt_place"
                  ],
                  "Invisible": true
                }
              }
            },
            {
              "function": "minecraft:explosion_decay",
              "conditions": []
            }
          ],
          "name": "minecraft:bat_spawn_egg"
        }
      ],
      "rolls": 1,
      "conditions": [
        {
          "condition": "minecraft:block_state_property",
          "block": "minecraft:diorite_slab",
          "properties": {
            "type": "double",
            "waterlogged": "true"
          }
        }
      ]
    },
    {
      "rolls": 1,
      "bonus_rolls": 0,
      "entries": [
        {
          "type": "minecraft:item",
          "name": "minecraft:jigsaw",
          "functions": [
            {
              "function": "minecraft:set_components",
              "components": {
                "minecraft:custom_model_data": {
                  "strings": [
                    "clear_water"
                  ]
                }
              }
            }
          ]
        }
      ],
      "conditions": [
        {
          "condition": "minecraft:block_state_property",
          "block": "minecraft:diorite_slab",
          "properties": {
            "type": "double",
            "waterlogged": "true"
          }
        }
      ]
    }
  ],
  "random_sequence": "minecraft:blocks/diorite_slab"
}