{
  "type": "minecraft:crafting_shaped",
  "pattern": [
    " D ",
    "PRC"
  ],
  "key": {
    "D": "minecraft:dandelion",
    "P": "minecraft:paper",
    "R": "minecraft:polished_blackstone_pressure_plate",
    "C": "minecraft:coal"
  },
  "result": {
    "id": "minecraft:recovery_compass",
    "components": {
      "minecraft:custom_model_data": {
        "strings": [
          "music_disc_fitmc_stream_outro"
        ]
      },
      "minecraft:jukebox_playable": "magchar:fitmc_stream_outro",
      "minecraft:custom_name": {
        "text": "Music Disc",
        "italic": false
      }
    }
  }
}