{
  "type": "minecraft:crafting_shaped",
  "pattern": [
    " D ",
    "PRC"
  ],
  "key": {
    "D": "minecraft:pink_dye",
    "P": "minecraft:paper",
    "R": "minecraft:polished_blackstone_pressure_plate",
    "C": "minecraft:coal"
  },
  "result": {
    "id": "minecraft:recovery_compass",
    "components": {
      "minecraft:item_model": "music_disc_blocks",
      "minecraft:jukebox_playable": "magchar:cool_beat",
      "minecraft:custom_name": {
        "text": "Music Disc",
        "italic": false
      }
    }
  }
}