{
  "type": "minecraft:crafting_shapeless",
  "category": "misc",
  "ingredients": [
    "minecraft:wheat",
    "minecraft:wheat",
    [
      "minecraft:red_mushroom",
      "minecraft:brown_mushroom"
    ],
    "minecraft:sugar",
    "minecraft:potion"
  ],
  "result": {
    "id": "minecraft:honey_bottle",
    "components": {
      "minecraft:consumable": {
        "animation": "drink",
        "sound": "minecraft:entity.generic.drink",
        "has_consume_particles": true,
        "on_consume_effects": [
          {
            "type": "minecraft:apply_effects",
            "effects": [
              {
                "id": "minecraft:nausea",
                "amplifier": 0,
                "duration": 12000,
                "ambient": false,
                "show_particles": false,
                "show_icon": false
              },
              {
                "id": "minecraft:strength",
                "amplifier": 0,
                "duration": 800
              }
            ]
          }
        ]
      },
      "minecraft:custom_model_data": {
        "strings": [
          "beer"
        ],
        "colors": []
      },
      "minecraft:custom_name": {
        "text": "Beer",
        "italic": false
      }
    }
  }
}