{
  "feature": "magchar:musical_rock",
  "placement": [
    {
      "count": {
        "distribution": [
          {
            "data": 16,
            "weight": 3
          },
          {
            "data": 32,
            "weight": 1
          }
        ],
        "type": "minecraft:weighted_list"
      },
      "type": "minecraft:count"
    },
    {
      "type": "minecraft:in_square"
    },
    {
      "height": {
        "min_inclusive": {
          "absolute": -32
        },
        "max_inclusive": {
          "absolute": 288
        },
        "type": "minecraft:uniform"
      },
      "type": "minecraft:height_range"
    },
    {
      "type": "minecraft:biome"
    }
  ]
}