{
  "name": "magchar:sky_sanctuary",
  "fallback": "minecraft:empty",
  "elements": [
    {
      "weight": 33,
      "element": {
        "element_type": "minecraft:single_pool_element",
        "projection": "rigid",
        "location": "magchar:jovian_temple",
        "processors": "minecraft:empty"
      }
    },
    {
      "weight": 34,
      "element": {
        "element_type": "minecraft:single_pool_element",
        "projection": "rigid",
        "location": "magchar:jovian_residence",
        "processors": "minecraft:empty"
      }
    },
    {
      "weight": 33,
      "element": {
        "element_type": "minecraft:single_pool_element",
        "projection": "rigid",
        "location": "magchar:telamon_sanctuary",
        "processors": "minecraft:empty"
      }
    }
  ]
}