{
  "type": "minecraft:crafting_shapeless",
  "ingredients": [
    "minecraft:potion",
    "minecraft:gold_nugget",
    "minecraft:gold_nugget",
    "minecraft:gold_nugget",
    "minecraft:fermented_spider_eye"
  ],
  "result": {
    "id": "minecraft:potion",
    "components": {
      "minecraft:potion_contents": {
        "custom_color": 16759111,
        "custom_effects": [
          {
            "id": "minecraft:regeneration",
            "amplifier": 0,
            "duration": 5
          }
        ]
      },
      "minecraft:enchantment_glint_override": true,
      "minecraft:custom_name": {
        "text": "Almond Water",
        "italic": false
      }
    }
  }
}