{
  "type": "minecraft:crafting_shaped",
  "pattern": [
    "ECE",
    "CNC",
    "ECE"
  ],
  "key": {
    "N": "minecraft:nether_star",
    "E": "minecraft:end_crystal",
    "C": "minecraft:echo_shard"
  },
  "result": {
    "id": "minecraft:bat_spawn_egg",
    "components": {
      "minecraft:custom_model_data": {
        "strings": [
          "controller"
        ]
      },
      "minecraft:custom_name": {
        "text": "Controller",
        "italic": false
      },
      "minecraft:entity_data": {
        "id": "minecraft:armor_stand",
        "NoGravity": true,
        "Invulnerable": true,
        "Silent": true,
        "Tags": [
          "controller_place"
        ],
        "Invisible": true
      }
    }
  }
}