{
  "type": "minecraft:crafting_shaped",
  "category": "misc",
  "pattern": [
    "RCR",
    "NBN",
    "RKR"
  ],
  "key": {
    "R": "minecraft:comparator",
    "B": [
      "minecraft:redstone_lamp",
      "minecraft:copper_bulb"
    ],
    "N": "minecraft:netherite_scrap",
    "C": "minecraft:echo_shard",
    "K": [
      "minecraft:light_blue_dye",
      "minecraft:blue_dye",
      "minecraft:cyan_dye"
    ]
  },
  "result": {
    "id": "minecraft:recovery_compass",
    "components": {
      "minecraft:custom_model_data": {
        "strings": [
          "nabi_blue"
        ]
      },
      "minecraft:custom_name": {
        "text": "Blue Nabi Tablet",
        "italic": false
      }
    }
  }
}