{
  "type": "minecraft:crafting_shaped",
  "pattern": [
    "NSN",
    "SBS",
    "NSN"
  ],
  "key": {
    "N": "minecraft:netherite_ingot",
    "S": "minecraft:nether_star",
    "B": "minecraft:cooked_beef"
  },
  "result": {
    "id": "minecraft:jigsaw",
    "components": {
      "minecraft:item_model": "minecraft:beef",
      "minecraft:custom_model_data": {
        "strings": [
          "stoon_deactivated"
        ]
      },
      "minecraft:lore": [
        {
          "text": "Deactivated",
          "color": "gray",
          "italic": false
        }
      ],
      "minecraft:custom_name": {
        "text": "Stoon",
        "italic": false
      },
      "minecraft:rarity": "common"
    }
  }
}