{
  "carvers": [],
  "downfall": 1,
  "effects": {
    "fog_color": 15255713,
    "ambient_sound": {
      "sound_id": "music_disc.cat" 
    },
    "mood_sound": {
      "block_search_extent": 8,
      "offset": 10.0,
      "sound": "minecraft:entity.lightning_bolt.thunder",
      "tick_delay": 200
    },
    "music_volume": 1,
    "sky_color": 15255713,
    "water_color": 15255713,
    "water_fog_color": 15255713,
    "music": [
      {
        "data": {
          "sound": "music_disc.cat",
          "max_delay": 5,
          "min_delay": 1,
          "replace_current_music": true
        },
        "weight": 1
      }
    ],
    "particle": {
      "options": {
        "type": "minecraft:note"
      },
      "probability": 0.05      
    }
  },
  "features": [
    ["pile_snow","pile_ice", "magchar:musical_rock","magchar:musical_shard"],
    ["freeze_top_layer"],
    ["magchar:jupiter_ore_quartz"]
  ],
  "has_precipitation": true,
  "spawn_costs": {},
  "spawners": {
    "ambient": [],
    "axolotls": [],
    "creature": [],
    "misc": [],
    "monster": [],
    "underground_water_creature": [],
    "water_ambient": [],
    "water_creature": []
  },
  "temperature": -0.5
}