{
  "carvers": [],
  "downfall": 1,
  "effects": {
    "fog_color": 15255713,
    "ambient_sound": {
      "sound_id": "minecraft:item.elytra.flying" 
    },
    "mood_sound": {
      "block_search_extent": 8,
      "offset": 10.0,
      "sound": "minecraft:entity.lightning_bolt.thunder",
      "tick_delay": 200
    },
    "music_volume": 1.0,
    "sky_color": 15255713,
    "water_color": 15255713,
    "water_fog_color": 15255713,
    "foliage_color": 3757119
  },
  "features": [
    ["magchar:disk_grass"],
    ["trees_birch"],
    ["patch_grass_forest","magchar:patch_torchflower"],
    ["magchar:jupiter_ore_quartz"]
  ],
  "has_precipitation": true,
  "spawn_costs": {},
  "spawners": {
    "ambient": [],
    "axolotls": [],
    "creature": [{
        "type": "minecraft:sheep",
        "maxCount": 4,
        "minCount": 4,
        "weight": 12
      },
      {
        "type": "minecraft:sniffer",
        "maxCount": 4,
        "minCount": 4,
        "weight": 10
      },
      {
        "type": "minecraft:wolf",
        "maxCount": 4,
        "minCount": 4,
        "weight": 5
      }],
    "misc": [],
    "monster": [{
      "type": "bogged",
      "weight": 1,
      "maxCount": 1,
      "minCount": 1
    }],
    "underground_water_creature": [],
    "water_ambient": [],
    "water_creature": []
  },
  "temperature": -0.5
}