{
  "carvers": [],
  "downfall": 0.5,
  "effects": {
    "fog_color": 14727818,
    "ambient_sound": {
      "sound_id": "minecraft:item.elytra.flying" 
    },
    "mood_sound": {
      "block_search_extent": 8,
      "offset": 10.0,
      "sound": "minecraft:entity.lightning_bolt.thunder",
      "tick_delay": 200
    },
    "music_volume": 1.0,
    "sky_color": 14727818,
    "water_color": 15255713,
    "water_fog_color": 15255713
  },
  "features": [
    ["magchar:jupiter_ore_quartz","magchar:jupiter_ore_emerald"]
  ],
  "has_precipitation": false,
  "spawn_costs": {},
  "spawners": {
    "ambient": [],
    "axolotls": [],
    "creature": [],
    "misc": [],
    "monster": [{
      "type": "breeze",
      "weight": 1,
      "maxCount": 1,
      "minCount": 1
    },
    {
      "type": "husk",
      "weight": 1,
      "maxCount": 1,
      "minCount": 1
    },
    {
      "type": "creeper",
      "weight": 1,
      "maxCount": 1,
      "minCount": 1
    }],
    "underground_water_creature": [],
    "water_ambient": [],
    "water_creature": []
  },
  "temperature": 0.5
}