{
  "carvers": [],
  "downfall": 1,
  "effects": {
    "fog_color": 15784639,
    "ambient_sound": {
      "sound_id": "minecraft:item.elytra.flying" 
    },
    "mood_sound": {
      "block_search_extent": 8,
      "offset": 10.0,
      "sound": "minecraft:entity.lightning_bolt.thunder",
      "tick_delay": 200
    },
    "music_volume": 1.0,
    "sky_color": 15784639,
    "water_color": 15784639,
    "water_fog_color": 15784639,
    "particle": {
      "options": {
        "type": "minecraft:snowflake"
      },
      "probability": 0.05      
    }
  },
  "features": [
    ["magchar:jupiter_particles","magchar:jupiter_particles_ice"],
    ["iceberg_packed"],
    ["freeze_top_layer"]
  ],
  "has_precipitation": true,
  "spawn_costs": {},
  "spawners": {
    "ambient": [],
    "axolotls": [],
    "creature": [],
    "misc": [],
    "monster": [{
      "type": "phantom",
      "weight": 1,
      "maxCount": 1,
      "minCount": 1
    }],
    "underground_water_creature": [],
    "water_ambient": [],
    "water_creature": []
  },
  "temperature": -0.5
}