{
  "type": "magchar:jupiter",
  "generator": {
    "type": "minecraft:noise",
    "settings": "magchar:jupiter",
    "biome_source": {
      "type": "minecraft:multi_noise",
      "biomes": [
        {
          "biome": "magchar:jovian_forest",
          "parameters": {
            "temperature": 0.1,
            "humidity": 0.5,
            "continentalness": 0.1,
            "erosion": 0,
            "weirdness": 0,
            "depth": 0,
            "offset": 0
          }
        },
        {
          "biome": "magchar:harmonious_frostland",
          "parameters": {
            "temperature": -0.6,
            "humidity": 0.7,
            "continentalness": 0.1,
            "erosion": 0,
            "weirdness": 0,
            "depth": 0,
            "offset": 0
          }
        },
        {
          "biome": "magchar:jovian_frostland",
          "parameters": {
            "temperature": -0.65,
            "humidity": 0,
            "continentalness": 0.1,
            "erosion": 0,
            "weirdness": 0,
            "depth": 0,
            "offset": 0
          }
        },
        {
          "biome": "magchar:jovian_desert",
          "parameters": {
            "temperature": 0,
            "humidity": -0.25,
            "continentalness": 0.1,
            "erosion": 0,
            "weirdness": 0,
            "depth": 0,
            "offset": 0
          }
        },
        {
          "biome": "magchar:jovian_island",
          "parameters": {
            "temperature": 0,
            "humidity": 0,
            "continentalness": 0.1,
            "erosion": 0,
            "weirdness": 0,
            "depth": 0,
            "offset": 0
          }
        },
        {
          "biome": "magchar:jovian_eye",
          "parameters": {
            "temperature": 0.65,
            "humidity": 0,
            "continentalness": -0.2,
            "erosion": 0,
            "weirdness": 0,
            "depth": 0,
            "offset": 0
          }
        },
        {
          "biome": "magchar:jovian_cold_skies",
          "parameters": {
            "temperature": -0.65,
            "humidity": 0,
            "continentalness": -0.2,
            "erosion": 0,
            "weirdness": 0,
            "depth": 0,
            "offset": 0
          }
        },
        {
          "biome": "magchar:jovian_skies",
          "parameters": {
            "temperature": 0,
            "humidity": 0,
            "continentalness": -0.2,
            "erosion": 0,
            "weirdness": 0,
            "depth": 0,
            "offset": 0
          }
        },
        {
          "biome": "magchar:sky_sanctuary",
          "parameters": {
            "temperature": 0,
            "humidity": 0,
            "continentalness": -0.2,
            "erosion": 0,
            "weirdness": 0,
            "depth": 1,
            "offset": 0
          }
        }
      ]
    }
  }
}