{
  "type": "overworld",
  "generator": {
    "type": "minecraft:noise",
    "settings": "magchar:null",
    "biome_source": {
      "type": "minecraft:multi_noise",
      "biomes": [
        {
          "biome": "magchar:null",
          "parameters": {
            "temperature": 0,
            "humidity": 0,
            "continentalness": 0,
            "erosion": 0,
            "weirdness": 0,
            "depth": 0,
            "offset": 0
          }
        }
      ]
    }
  }
}