{
  "pools": [
    {
      "rolls": 6,
      "entries": [
        {
          "type": "minecraft:item",
          "name": "minecraft:quartz",
          "weight": 100
        },
        {
          "type": "minecraft:item",
          "name": "minecraft:glowstone_dust",
          "weight": 100
        },
        {
          "type": "minecraft:item",
          "name": "minecraft:blackstone",
          "weight": 80
        },
        {
          "type": "minecraft:item",
          "name": "minecraft:basalt",
          "weight": 60
        },
        {
          "type": "minecraft:item",
          "name": "minecraft:warped_fungus",
          "weight": 50
        },
        {
          "type": "minecraft:item",
          "name": "minecraft:crimson_fungus",
          "weight": 50
        },
        {
          "type": "minecraft:item",
          "name": "minecraft:brown_mushroom",
          "weight": 50
        },
        {
          "type": "minecraft:item",
          "name": "minecraft:pumpkin_seeds",
          "weight": 40
        },
        {
          "type": "minecraft:item",
          "name": "minecraft:melon_seeds",
          "weight": 40
        },
        {
          "type": "minecraft:item",
          "name": "minecraft:potato"
        },
        {
          "type": "minecraft:item",
          "name": "minecraft:bow",
          "weight": 5
        },
        {
          "type": "minecraft:item",
          "name": "minecraft:red_bed",
          "weight": 3
        },
        {
          "type": "minecraft:item",
          "name": "minecraft:sugar_cane",
          "weight": 40
        },
        {
          "type": "minecraft:item",
          "name": "minecraft:book",
          "weight": 5
        },
        {
          "type": "minecraft:item",
          "name": "minecraft:feather",
          "weight": 5
        },
        {
          "type": "minecraft:item",
          "name": "minecraft:crimson_nylium",
          "weight": 4
        },
        {
          "type": "minecraft:item",
          "name": "minecraft:warped_nylium",
          "weight": 4
        },
        {
          "type": "minecraft:item",
          "name": "minecraft:arrow",
          "weight": 5
        },
        {
          "type": "minecraft:item",
          "name": "minecraft:painting",
          "weight": 5
        },
        {
          "type": "minecraft:item",
          "name": "minecraft:bone",
          "weight": 10
        },
        {
          "type": "minecraft:item",
          "name": "minecraft:bowl",
          "weight": 5
        },
        {
          "type": "minecraft:item",
          "name": "minecraft:oak_door",
          "weight": 3
        },
        {
          "type": "minecraft:item",
          "name": "minecraft:wither_skeleton_skull",
          "weight": 1
        }
      ],
      "conditions": []
    }
  ]
}