{
  "type": "minecraft:chest",
  "pools": [
    {
      "bonus_rolls": 0,
      "entries": [
        {
          "type": "minecraft:item",
          "functions": [
            {
              "add": false,
              "count": {
                "type": "minecraft:uniform",
                "max": 7,
                "min": 1
              },
              "function": "minecraft:set_count"
            }
          ],
          "name": "minecraft:glass_bottle",
          "weight": 100
        },
        {
          "type": "minecraft:item",
          "functions": [
            {
              "function": "minecraft:set_components",
              "components": {
                "minecraft:enchantment_glint_override": true,
                "minecraft:rarity": "rare",
                "minecraft:item_name": {
                  "text": "Enchanted Quartz",
                  "italic": false
                }
              }
            }
          ],
          "name": "minecraft:quartz",
          "weight": 80
        },
        {
          "type": "minecraft:item",
          "functions": [],
          "name": "minecraft:blaze_powder",
          "weight": 40
        },
        {
          "type": "minecraft:item",
          "functions": [
            {
              "function": "minecraft:set_components",
              "components": {
                "minecraft:custom_model_data": {
                  "strings": [
                    "resonant_porkchop"
                  ]
                },
                "minecraft:rarity": "rare",
                "minecraft:custom_name": {
                  "text": "Resonant Porkchop",
                  "italic": false
                },
                "minecraft:item_model": "minecraft:porkchop",
                "minecraft:enchantment_glint_override": true
              }
            }
          ],
          "name": "minecraft:jigsaw",
          "weight": 20
        },
        {
          "type": "minecraft:item",
          "name": "minecraft:torchflower",
          "weight": 80,
          "functions": [
            {
              "function": "minecraft:set_count",
              "count": {
                "type": "minecraft:uniform",
                "min": 1,
                "max": 6
              },
              "add": false
            }
          ]
        }
      ],
      "rolls": {
        "type": "minecraft:uniform",
        "max": 8,
        "min": 3
      }
    }
  ]
}