{
  "type": "minecraft:chest",
  "pools": [
    {
      "bonus_rolls": 0,
      "entries": [
        {
          "type": "minecraft:item",
          "functions": [
            {
              "add": false,
              "count": {
                "type": "minecraft:uniform",
                "max": 64,
                "min": 32
              },
              "function": "minecraft:set_count"
            }
          ],
          "name": "minecraft:baked_potato",
          "weight": 10
        },
        {
          "type": "minecraft:item",
          "name": "minecraft:potato",
          "weight": 8,
          "functions": [
            {
              "function": "minecraft:set_count",
              "count": {
                "type": "minecraft:uniform",
                "min": 32,
                "max": 64
              },
              "add": false
            }
          ]
        }
      ],
      "rolls": {
        "type": "minecraft:uniform",
        "max": 12,
        "min": 4
      }
    }
  ]
}