{
  "type": "minecraft:crafting_shapeless",
  "category": "misc",
  "ingredients": [
    "minecraft:hanging_roots",
    "minecraft:honey_bottle",
    "minecraft:potion",
    "minecraft:azalea_leaves"
  ],
  "result": {
    "id": "minecraft:honey_bottle",
    "components": {
      "minecraft:consumable": {
        "animation": "drink",
        "sound": "minecraft:entity.generic.drink",
        "has_consume_particles": true,
        "on_consume_effects": [
          {
            "type": "minecraft:apply_effects",
            "effects": [
              {
                "id": "minecraft:night_vision",
                "duration": 6000
              }
            ]
          }
        ]
      },
      "minecraft:custom_model_data": {
        "strings": [
          "arizona_tea"
        ],
        "colors": []
      },
      "minecraft:custom_name": {
        "text": "AriZona Green Iced Tea with Ginseng & Honey",
        "italic": false
      }
    }
  }
}