{
  "type": "minecraft:crafting_shaped",
  "pattern": [
    "IBI",
    "BDB",
    "IBI"
  ],
  "key": {
    "I": "minecraft:breeze_rod",
    "B": "minecraft:blaze_rod",
    "D": "minecraft:nether_star"
  },
  "result": {
    "id": "minecraft:bat_spawn_egg",
    "components": {
      "minecraft:custom_model_data": {
        "strings": [
          "launcher"
        ]
      },
      "minecraft:custom_name": {
        "text": "Interstellar Ejector",
        "italic": false
      },
      "minecraft:entity_data": {
        "id": "minecraft:armor_stand",
        "NoGravity": true,
        "Invulnerable": true,
        "Silent": true,
        "Tags": [
          "launcher_place"
        ],
        "Invisible": true
      }
    }
  }
}