{
  "type": "minecraft:crafting_shaped",
  "category": "misc",
  "pattern": [
    "GGG",
    "GEG",
    "GGG"
  ],
  "key": {
    "G": "minecraft:end_crystal",
    "E": "minecraft:nether_star"
  },
  "result": {
    "id": "minecraft:bat_spawn_egg",
    "components": {
      "minecraft:custom_model_data": {
        "strings": [
          "reactor_cell"
        ]
      },
      "minecraft:custom_name": {
        "text": "Reactor Cell",
        "italic": false
      },
      "minecraft:entity_data": {
        "id": "minecraft:armor_stand",
        "NoGravity": true,
        "Invulnerable": true,
        "Silent": true,
        "Tags": [
          "reactor_cell_place"
        ],
        "Invisible": true
      }
    }
  }
}