{
  "type": "minecraft:crafting_shaped",
  "pattern": [
    " B ",
    "CNC",
    " B "
  ],
  "key": {
    "N": "minecraft:nether_star",
    "C": "minecraft:end_crystal",
    "B": "minecraft:blaze_rod"
  },
  "result": {
    "id": "minecraft:blaze_rod",
    "components": {
      "minecraft:custom_model_data": {
        "strings": [
          "uranium_ingot"
        ]
      },
      "minecraft:custom_name": {
        "text": "Uranium Ingot",
        "italic": false
      }
    }
  }
}