{
  "pools": [
    {
      "rolls": {
        "type": "minecraft:uniform",
        "min": 1000,
        "max": 2000
      },
      "entries": [
        {
          "type": "minecraft:item",
          "name": "minecraft:quartz",
          "functions": [
            {
              "function": "minecraft:set_components",
              "components": {
                "minecraft:enchantment_glint_override": true,
                "minecraft:rarity": "rare",
                "minecraft:item_name": {
                  "text": "Enchanted Quartz",
                  "italic": false
                }
              }
            }
          ]
        }
      ]
    }
  ]
}