{
  "aquifers_enabled": false,
  "default_block": {
    "Name": "stone"
  },
  "default_fluid": {
    "Name": "minecraft:water"
  },
  "disable_mob_generation": true,
  "legacy_random_source": true,
  "noise": {
    "height": 320,
    "min_y": -48,
    "size_horizontal": 2,
    "size_vertical": 1
  },
  "noise_router": {
    "barrier": 0,
    "continents": "magchar:jupiter",
    "depth": "magchar:sky_sanctuary",
    "erosion": 0,
    "initial_density_without_jaggedness": "minecraft:zero",
    "fluid_level_floodedness": 0,
    "fluid_level_spread": 0,
    "final_density": "magchar:jupiter",
    "lava": 0,
    "ridges": 0,
    "temperature": {
      "type": "minecraft:shifted_noise",
      "noise": "minecraft:temperature",
      "shift_x": "minecraft:shift_x",
      "shift_y": 0,
      "shift_z": "minecraft:shift_z",
      "xz_scale": 0.125,
      "y_scale": 0
    },
    "vegetation": {
      "type": "minecraft:shifted_noise",
      "noise": "minecraft:vegetation",
      "shift_x": "minecraft:shift_x",
      "shift_y": 0,
      "shift_z": "minecraft:shift_z",
      "xz_scale": 0.25,
      "y_scale": 0
    },
    "vein_gap": 0,
    "vein_ridged": 0,
    "vein_toggle": 0
  },
  "ore_veins_enabled": false,
  "sea_level": -32,
  "spawn_target": [
    {
      "temperature": [-0.1, 0.1],
      "humidity": [-1, 1],
      "continentalness": [0.16, 1],
      "erosion": [-1, 1],
      "weirdness": [-1, 1],
      "depth": 0,
      "offset": 0
    }
  ],
  "surface_rule": {
    "type": "minecraft:sequence",
    "sequence": [
      {
        "type": "minecraft:condition",
        "if_true": {
          "type": "minecraft:biome",
          "biome_is": ["magchar:sky_sanctuary"]
        },
        "then_run": {
          "type": "minecraft:block",
          "result_state": {
            "Name": "air"
          }
        }
      },
      {
        "type": "minecraft:condition",
        "if_true": {
          "type": "minecraft:stone_depth",
          "offset": 0,
          "surface_type": "floor",
          "add_surface_depth": false,
          "secondary_depth_range": 1
        },
        "then_run": {
          "type": "minecraft:sequence",
          "sequence": [
            {
              "type": "minecraft:condition",
              "if_true": {
                "type": "biome",
                "biome_is": ["magchar:jovian_frostland"]
              },
              "then_run":  {
                "type": "minecraft:block",
                "result_state": {
                  "Name": "minecraft:snow_block"
                }
              }
            },
            {
              "type": "minecraft:condition",
              "if_true": {
                "type": "biome",
                "biome_is": ["magchar:harmonious_frostland"]
              },
              "then_run":  {
                "type": "minecraft:block",
                "result_state": {
                  "Name": "minecraft:snow_block"
                }
              }
            },
            {
              "type": "minecraft:condition",
              "if_true": {
                "type": "biome",
                "biome_is": ["magchar:jovian_desert"]
              },
              "then_run":  {
                "type": "minecraft:sequence",
                "sequence": [
                  {
                    "type": "minecraft:condition",
                    "if_true": {
                      "type": "noise_threshold",
                      "noise": "gravel",
                      "max_threshold": 1,
                      "min_threshold": 0.2
                    },
                    "then_run":  {
                      "type": "minecraft:block",
                      "result_state": {
                        "Name": "minecraft:sandstone_slab",
                        "Properties": {
                          "type": "double",
                          "waterlogged": "true"
                        }
                      }
                    }
                  },
                  {
                    "type": "minecraft:block",
                    "result_state": {
                      "Name": "minecraft:smooth_sandstone_slab",
                      "Properties": {
                        "type": "double",
                        "waterlogged": "true"
                      }
                    }
                  }
                ]
              }
            },
            {
              "type": "minecraft:block",
              "result_state": {
                "Name": "minecraft:cobblestone_slab",
                "Properties": {
                  "type": "double",
                  "waterlogged": "true"
                }
              }
            }
          ]
        }
      },
      {
        "type": "minecraft:condition",
        "if_true": {
          "type": "minecraft:stone_depth",
          "offset": 0,
          "surface_type": "floor",
          "add_surface_depth": true,
          "secondary_depth_range": 5
        },
        "then_run": {
          "type": "minecraft:block",
          "result_state": {
            "Name": "minecraft:diorite_slab",
            "Properties": {
              "type": "double",
              "waterlogged": "true"
            }
          }
        }
      },
      {
        "type": "minecraft:block",
        "result_state": {
          "Name": "minecraft:granite_slab",
          "Properties": {
            "type": "double",
            "waterlogged": "true"
          }
        }
      }
    ]
  }
}