{
  "type": "minecraft:crafting_shaped",
  "pattern": [
    "IDI",
    "IDI",
    "IDI"
  ],
  "key": {
    "I": "minecraft:iron_ingot",
    "D": "minecraft:diamond"
  },
  "result": {
    "id": "minecraft:bat_spawn_egg",
    "components": {
      "minecraft:custom_model_data": {
        "strings": [
          "nether_reactor_core"
        ]
      },
      "minecraft:custom_name": {
        "text": "Nether Reactor Core",
        "italic": false
      },
      "minecraft:entity_data": {
        "id": "minecraft:armor_stand",
        "NoGravity": true,
        "Invulnerable": true,
        "Silent": true,
        "Tags": [
          "nether_reactor_core_place"
        ],
        "Invisible": true
      }
    }
  }
}