{
  "type": "minecraft:crafting_shaped",
  "pattern": [
    "EEE",
    "ENE",
    "EEE"
  ],
  "key": {
    "N": "minecraft:hopper",
    "E": "minecraft:end_crystal"
  },
  "result": {
    "id": "minecraft:bat_spawn_egg",
    "components": {
      "minecraft:custom_model_data": {
        "strings": [
          "reactor_port"
        ]
      },
      "minecraft:custom_name": {
        "text": "Reactor Port",
        "italic": false
      },
      "minecraft:entity_data": {
        "id": "minecraft:armor_stand",
        "NoGravity": true,
        "Invulnerable": true,
        "Silent": true,
        "Tags": [
          "reactor_port_place"
        ],
        "Invisible": true
      }
    }
  }
}