{
  "carvers": [],
  "downfall": 0.5,
  "effects": {
    "fog_color": 15255713,
    "mood_sound": {
      "block_search_extent": 8,
      "offset": 10.0,
      "sound": "minecraft:entity.lightning_bolt.thunder",
      "tick_delay": 200
    },
    "music_volume": 1.0,
    "sky_color": 15255713,
    "water_color": 11316396,
    "water_fog_color": 2894892
  },
  "features": [],
  "has_precipitation": false,
  "spawn_costs": {},
  "spawners": {
    "ambient": [],
    "axolotls": [],
    "creature": [],
    "misc": [],
    "monster": [],
    "underground_water_creature": [],
    "water_ambient": [],
    "water_creature": []
  },
  "temperature": 0.5
}