{
  "type": "minecraft:crafting_shapeless",
  "category": "misc",
  "ingredients": [
    "minecraft:cracked_deepslate_bricks",
    "minecraft:cracked_deepslate_tiles",
    "minecraft:cracked_nether_bricks",
    "minecraft:cracked_polished_blackstone_bricks",
    "minecraft:cracked_stone_bricks",
    "minecraft:sugar",
    "minecraft:potion"
  ],
  "result": {
    "id": "minecraft:honey_bottle",
    "components": {
      "minecraft:consumable": {
        "animation": "drink",
        "sound": "minecraft:entity.generic.drink",
        "has_consume_particles": true,
        "on_consume_effects": [
          {
            "type": "minecraft:apply_effects",
            "effects": [
              {
                "id": "minecraft:speed",
                "amplifier": 255,
                "duration": 10
              },
              {
                "id": "minecraft:jump_boost",
                "amplifier": 255,
                "duration": 10
              }
            ]
          }
        ]
      },
      "minecraft:custom_model_data": {
        "strings": [
          "cola"
        ],
        "colors": []
      },
      "minecraft:custom_name": {
        "text": "Crack Cola",
        "italic": false
      }
    }
  }
}