{
  "type": "minecraft:add",
  "argument1": -1,
  "argument2": {
    "type": "minecraft:mul",
    "argument1": {
      "type": "minecraft:add",
      "argument1": {
        "type": "minecraft:abs",
        "argument": {
          "type": "minecraft:add",
          "argument1": {
            "type": "minecraft:y_clamped_gradient",
            "from_y": -48,
            "to_y": 288,
            "from_value": 0,
            "to_value": -1
          },
          "argument2": {
            "type": "minecraft:y_clamped_gradient",
            "from_y": 288,
            "to_y": -48,
            "from_value": 0,
            "to_value": 1
          }
        }
      },
      "argument2": -1
    },
    "argument2": {
      "type": "minecraft:shift",
      "argument": "minecraft:surface"
    }
  }
}