{
    "type": "minecraft:squeeze",
    "argument": {
    "type": "minecraft:mul",
    "argument1": 0.64,
    "argument2": {
        "type": "minecraft:interpolated",
        "argument": {
        "type": "minecraft:blend_density",
        "argument": {
            "type": "minecraft:add",
            "argument1": -0.234375,
            "argument2": {
            "type": "minecraft:mul",
            "argument1": {
                "type": "minecraft:y_clamped_gradient",
                "from_value": 0,
                "from_y": -48,
                "to_value": 1,
                "to_y": 0
            },
            "argument2": {
                "type": "minecraft:add",
                "argument1": 0.234375,
                "argument2": {
                "type": "minecraft:add",
                "argument1": -23.4375,
                "argument2": {
                    "type": "minecraft:mul",
                    "argument1": {
                    "type": "minecraft:y_clamped_gradient",
                    "from_value": 1,
                    "from_y": 256,
                    "to_value": -1,
                    "to_y": 1000
                    },
                    "argument2": {
                    "type": "minecraft:add",
                    "argument1": 23.4375,
                    "argument2": {
                        "type": "minecraft:mul",
                        "argument1": {
                        "type": "minecraft:mul",
                        "argument1": {
                            "type": "minecraft:add",
                            "argument1": {
                            "type": "minecraft:add",
                            "argument1": "minecraft:end/base_3d_noise",
                            "argument2": -0.8
                            },
                            "argument2": "minecraft:overworld/erosion"
                        },
                        "argument2": {
                            "type": "minecraft:add",
                            "argument1": {
                            "type": "minecraft:shift",
                            "argument": "minecraft:surface"
                            },
                            "argument2": -1.5
                        }
                        },
                        "argument2": -1
                    }
                    }
                }
                }
            }
            }
        }
        }
    }
    }
}