{
  "type": "minecraft:add",
  "argument1": -2.4,
  "argument2": {
    "type": "minecraft:mul",
    "argument1": {
      "type": "minecraft:add",
      "argument1": {
        "type": "minecraft:abs",
        "argument": {
          "type": "minecraft:add",
          "argument1": {
            "type": "minecraft:y_clamped_gradient",
            "from_y": 0,
            "to_y": 256,
            "from_value": 0,
            "to_value": -1
          },
          "argument2": {
            "type": "minecraft:y_clamped_gradient",
            "from_y": 256,
            "to_y": 0,
            "from_value": 0,
            "to_value": 1
          }
        }
      },
      "argument2": -1
    },
    "argument2": {
      "type": "minecraft:mul",
      "argument1": {
        "type": "minecraft:shift",
        "argument": "minecraft:surface"
      },
      "argument2": -1
    }
  }
}