{
  "type": "minecraft:smelting",
  "category": "misc",
  "ingredient": "minecraft:milk_bucket",
  "result": {
    "id": "minecraft:jigsaw",
    "components": {
      "minecraft:custom_model_data": {
        "strings": [
          "narcan"
        ]
      },
      "minecraft:rarity": "common",
      "minecraft:custom_name": {
        "text": "Naloxone",
        "italic": false
      },
      "minecraft:consumable": {
        "consume_seconds": 1.6,
        "animation": "crossbow",
        "sound": "minecraft:block.beehive.enter",
        "has_consume_particles": false
      },
      "minecraft:use_remainder": {
        "id": "minecraft:jigsaw",
        "components": {
          "minecraft:custom_model_data": {
            "strings": [
              "leftover_narcan"
            ]
          }
        }
      }
    }
  }
}