{
  "type": "minecraft:crafting_shaped",
  "category": "misc",
  "pattern": [
    "RRR",
    "RAR",
    "RRR"
  ],
  "key": {
    "R": "minecraft:redstone",
    "A": "minecraft:golden_apple"
  },
  "result": {
    "id": "minecraft:golden_apple",
    "components": {
      "minecraft:consumable": {
        "on_consume_effects": [
          {
            "type": "minecraft:apply_effects",
            "effects": [
              {
                "id": "minecraft:haste",
                "amplifier": 0,
                "duration": 1200
              }
            ]
          }
        ]
      },
      "minecraft:food": {
        "nutrition": 7,
        "saturation": 8,
        "can_always_eat": true
      },
      "minecraft:custom_model_data": {
        "strings": [
          "orange"
        ]
      },
      "minecraft:custom_name": {
        "text": "Orange",
        "italic": false
      }
    }
  }
}