{
  "type": "magchar:jupiter",
  "generator": {
    "type": "minecraft:noise",
    "settings": {
      "name": "magchar:jupiter",
      "default_block": {
        "Name": "stone"
      },
      "default_fluid": {
        "Name": "minecraft:air"
      },
      "sea_level": 0,
      "disable_mob_generation": false,
      "aquifers_enabled": false,
      "ore_veins_enabled": false,
      "legacy_random_source": false,
      "noise": {
        "min_y": -64,
        "height": 384,
        "size_horizontal": 1,
        "size_vertical": 1
      },
      "noise_router": {
        "barrier": "minecraft:zero",
        "fluid_level_floodedness": "minecraft:zero",
        "fluid_level_spread": "minecraft:zero",
        "lava": "minecraft:zero",
        "vein_toggle": "minecraft:zero",
        "vein_ridged": "minecraft:zero",
        "vein_gap": "minecraft:zero",
        "temperature": "minecraft:overworld/base_3d_noise",
        "vegetation": "minecraft:zero",
        "continents": "minecraft:overworld/continents",
        "erosion": "minecraft:overworld_large_biomes/erosion",
        "depth": "minecraft:overworld_amplified/depth",
        "ridges": "minecraft:overworld/ridges",
        "initial_density_without_jaggedness": "minecraft:zero",
        "final_density": "minecraft:zero"
      },
      "spawn_target": [],
      "surface_rule": {
        "type": "minecraft:block",
        "result_state": {
          "Name": "stone"
        }
      }
    },
    "biome_source": {
      "type": "minecraft:multi_noise",
      "biomes": [
        {
          "biome": "magchar:jupiter",
          "parameters": {
            "temperature": 0,
            "humidity": 0,
            "continentalness": 0,
            "erosion": 0,
            "weirdness": 0,
            "depth": 0,
            "offset": 0
          }
        }
      ]
    }
  }
}